Overall_MAE,Directional_Accuracy,Rows_Evaluated
175.54575154598044,0.565581986834231,133680
